STARTOFEVENT,03/04/2026 11:18:54,virtual_volunteer_android_2.6.0_168-Xiaomi_M2101K6G
0,03/04/2026 11:18:54,00:17:25
1,03/04/2026 11:19:20,00:17:51
2,03/04/2026 11:19:33,00:18:04
3,03/04/2026 11:19:45,00:18:16
4,03/04/2026 11:19:51,00:18:21
5,03/04/2026 11:19:57,00:18:27
6,03/04/2026 11:19:59,00:18:30
7,03/04/2026 11:20:02,00:18:33
8,03/04/2026 11:20:13,00:18:44
9,03/04/2026 11:20:31,00:19:02
10,03/04/2026 11:20:33,00:19:03
11,03/04/2026 11:20:40,00:19:10
12,03/04/2026 11:20:46,00:19:17
13,03/04/2026 11:20:50,00:19:21
14,03/04/2026 11:20:58,00:19:29
15,03/04/2026 11:21:02,00:19:32
16,03/04/2026 11:21:04,00:19:35
17,03/04/2026 11:21:07,00:19:37
18,03/04/2026 11:21:07,00:19:38
19,03/04/2026 11:21:16,00:19:47
20,03/04/2026 11:21:17,00:19:48
21,03/04/2026 11:21:17,00:19:48
22,03/04/2026 11:21:19,00:19:50
23,03/04/2026 11:21:20,00:19:51
24,03/04/2026 11:21:35,00:20:05
25,03/04/2026 11:21:51,00:20:22
26,03/04/2026 11:21:52,00:20:23
27,03/04/2026 11:21:53,00:20:24
28,03/04/2026 11:22:02,00:20:33
29,03/04/2026 11:22:09,00:20:39
30,03/04/2026 11:22:10,00:20:41
31,03/04/2026 11:22:13,00:20:43
32,03/04/2026 11:22:14,00:20:45
33,03/04/2026 11:22:29,00:21:00
34,03/04/2026 11:22:32,00:21:03
35,03/04/2026 11:22:38,00:21:09
36,03/04/2026 11:22:41,00:21:12
37,03/04/2026 11:22:43,00:21:13
38,03/04/2026 11:22:43,00:21:14
39,03/04/2026 11:22:48,00:21:19
40,03/04/2026 11:22:53,00:21:24
41,03/04/2026 11:23:06,00:21:36
42,03/04/2026 11:23:14,00:21:45
43,03/04/2026 11:23:19,00:21:49
44,03/04/2026 11:23:20,00:21:50
45,03/04/2026 11:23:23,00:21:54
46,03/04/2026 11:23:29,00:22:00
47,03/04/2026 11:23:31,00:22:02
48,03/04/2026 11:23:43,00:22:14
49,03/04/2026 11:23:45,00:22:16
50,03/04/2026 11:23:51,00:22:22
51,03/04/2026 11:24:02,00:22:33
52,03/04/2026 11:24:17,00:22:48
53,03/04/2026 11:24:22,00:22:52
54,03/04/2026 11:24:24,00:22:55
55,03/04/2026 11:24:30,00:23:01
56,03/04/2026 11:24:33,00:23:03
57,03/04/2026 11:24:46,00:23:17
58,03/04/2026 11:24:49,00:23:20
59,03/04/2026 11:24:55,00:23:26
60,03/04/2026 11:25:02,00:23:33
61,03/04/2026 11:25:06,00:23:37
62,03/04/2026 11:25:10,00:23:41
63,03/04/2026 11:25:13,00:23:43
64,03/04/2026 11:25:18,00:23:49
65,03/04/2026 11:25:21,00:23:52
66,03/04/2026 11:25:34,00:24:05
67,03/04/2026 11:25:41,00:24:11
68,03/04/2026 11:25:46,00:24:17
69,03/04/2026 11:25:51,00:24:22
70,03/04/2026 11:26:03,00:24:34
71,03/04/2026 11:26:04,00:24:35
72,03/04/2026 11:26:10,00:24:41
73,03/04/2026 11:26:11,00:24:42
74,03/04/2026 11:26:13,00:24:44
75,03/04/2026 11:26:35,00:25:06
76,03/04/2026 11:26:39,00:25:10
77,03/04/2026 11:26:46,00:25:16
78,03/04/2026 11:26:47,00:25:17
79,03/04/2026 11:26:47,00:25:18
80,03/04/2026 11:26:49,00:25:20
81,03/04/2026 11:26:51,00:25:22
82,03/04/2026 11:26:53,00:25:24
83,03/04/2026 11:26:56,00:25:27
84,03/04/2026 11:27:04,00:25:35
85,03/04/2026 11:27:30,00:26:01
86,03/04/2026 11:27:39,00:26:10
87,03/04/2026 11:27:48,00:26:19
88,03/04/2026 11:27:54,00:26:24
89,03/04/2026 11:27:58,00:26:29
90,03/04/2026 11:28:00,00:26:31
91,03/04/2026 11:28:01,00:26:32
92,03/04/2026 11:28:02,00:26:33
93,03/04/2026 11:28:03,00:26:33
94,03/04/2026 11:28:05,00:26:35
95,03/04/2026 11:28:09,00:26:40
96,03/04/2026 11:28:09,00:26:40
97,03/04/2026 11:28:10,00:26:41
98,03/04/2026 11:28:11,00:26:42
99,03/04/2026 11:28:12,00:26:43
100,03/04/2026 11:28:14,00:26:45
101,03/04/2026 11:28:20,00:26:51
102,03/04/2026 11:28:20,00:26:51
103,03/04/2026 11:28:25,00:26:56
104,03/04/2026 11:28:26,00:26:57
105,03/04/2026 11:28:28,00:26:59
106,03/04/2026 11:28:29,00:26:59
107,03/04/2026 11:28:31,00:27:02
108,03/04/2026 11:28:38,00:27:08
109,03/04/2026 11:28:40,00:27:11
110,03/04/2026 11:28:49,00:27:20
111,03/04/2026 11:28:53,00:27:24
112,03/04/2026 11:28:54,00:27:24
113,03/04/2026 11:28:59,00:27:29
114,03/04/2026 11:29:22,00:27:53
115,03/04/2026 11:29:29,00:28:00
116,03/04/2026 11:29:35,00:28:05
117,03/04/2026 11:29:38,00:28:09
118,03/04/2026 11:29:39,00:28:09
119,03/04/2026 11:29:46,00:28:17
120,03/04/2026 11:29:58,00:28:28
121,03/04/2026 11:30:03,00:28:34
122,03/04/2026 11:30:05,00:28:36
123,03/04/2026 11:30:14,00:28:45
124,03/04/2026 11:30:15,00:28:46
125,03/04/2026 11:30:17,00:28:48
126,03/04/2026 11:30:25,00:28:56
127,03/04/2026 11:30:35,00:29:06
128,03/04/2026 11:30:38,00:29:09
129,03/04/2026 11:30:43,00:29:14
130,03/04/2026 11:30:44,00:29:15
131,03/04/2026 11:30:45,00:29:16
132,03/04/2026 11:30:46,00:29:17
133,03/04/2026 11:30:50,00:29:21
134,03/04/2026 11:30:53,00:29:24
135,03/04/2026 11:30:57,00:29:27
136,03/04/2026 11:31:07,00:29:38
137,03/04/2026 11:31:12,00:29:43
138,03/04/2026 11:31:13,00:29:44
139,03/04/2026 11:31:14,00:29:45
140,03/04/2026 11:31:15,00:29:46
141,03/04/2026 11:31:16,00:29:46
142,03/04/2026 11:31:17,00:29:48
143,03/04/2026 11:31:21,00:29:52
144,03/04/2026 11:31:23,00:29:53
145,03/04/2026 11:31:31,00:30:02
146,03/04/2026 11:31:43,00:30:14
147,03/04/2026 11:31:47,00:30:18
148,03/04/2026 11:31:53,00:30:23
149,03/04/2026 11:31:53,00:30:24
150,03/04/2026 11:31:58,00:30:28
151,03/04/2026 11:31:59,00:30:30
152,03/04/2026 11:32:09,00:30:39
153,03/04/2026 11:32:09,00:30:40
154,03/04/2026 11:32:11,00:30:42
155,03/04/2026 11:32:19,00:30:50
156,03/04/2026 11:32:22,00:30:53
157,03/04/2026 11:32:28,00:30:59
158,03/04/2026 11:32:34,00:31:04
159,03/04/2026 11:32:41,00:31:12
160,03/04/2026 11:32:42,00:31:13
161,03/04/2026 11:32:44,00:31:15
162,03/04/2026 11:32:50,00:31:20
163,03/04/2026 11:32:53,00:31:24
164,03/04/2026 11:32:57,00:31:27
165,03/04/2026 11:33:15,00:31:46
166,03/04/2026 11:33:18,00:31:49
167,03/04/2026 11:33:23,00:31:54
168,03/04/2026 11:33:27,00:31:58
169,03/04/2026 11:33:29,00:32:00
170,03/04/2026 11:33:37,00:32:08
171,03/04/2026 11:33:44,00:32:15
172,03/04/2026 11:33:47,00:32:18
173,03/04/2026 11:33:54,00:32:24
174,03/04/2026 11:34:06,00:32:37
175,03/04/2026 11:34:21,00:32:52
176,03/04/2026 11:34:22,00:32:53
177,03/04/2026 11:34:28,00:32:59
178,03/04/2026 11:34:30,00:33:00
179,03/04/2026 11:34:32,00:33:03
180,03/04/2026 11:35:02,00:33:33
181,03/04/2026 11:35:13,00:33:44
182,03/04/2026 11:35:38,00:34:08
183,03/04/2026 11:36:08,00:34:39
184,03/04/2026 11:36:10,00:34:41
185,03/04/2026 11:36:15,00:34:46
186,03/04/2026 11:36:24,00:34:54
187,03/04/2026 11:36:35,00:35:06
188,03/04/2026 11:36:37,00:35:07
189,03/04/2026 11:36:44,00:35:14
190,03/04/2026 11:36:45,00:35:16
191,03/04/2026 11:36:49,00:35:20
192,03/04/2026 11:36:53,00:35:24
193,03/04/2026 11:36:55,00:35:26
194,03/04/2026 11:37:01,00:35:32
195,03/04/2026 11:37:16,00:35:46
196,03/04/2026 11:37:17,00:35:47
197,03/04/2026 11:37:43,00:36:14
198,03/04/2026 11:37:59,00:36:30
199,03/04/2026 11:38:06,00:36:37
200,03/04/2026 11:38:17,00:36:48
201,03/04/2026 11:38:22,00:36:53
202,03/04/2026 11:38:55,00:37:26
203,03/04/2026 11:39:08,00:37:39
204,03/04/2026 11:39:09,00:37:39
205,03/04/2026 11:39:27,00:37:58
206,03/04/2026 11:39:41,00:38:11
207,03/04/2026 11:39:47,00:38:18
208,03/04/2026 11:39:55,00:38:26
209,03/04/2026 11:40:07,00:38:37
210,03/04/2026 11:40:07,00:38:38
211,03/04/2026 11:40:10,00:38:40
212,03/04/2026 11:40:21,00:38:51
213,03/04/2026 11:41:36,00:40:07
214,03/04/2026 11:42:28,00:40:59
215,03/04/2026 11:43:37,00:42:07
ENDOFEVENT,03/04/2026 11:43:37